,title,director ,writer,actors,gener,language,runtime,average,votes,link
0,我的青春恋爱物语果然有问题 第二季 OVA やはり俺の青春ラブコメはまちがっている。続 OVA,岩崎光洋,['大知慶一郎'],"['江口拓也', '早见沙织', '东山奈央', '佐仓绫音', '工藤雅久']","['爱情', '动画']", 日语,2016-10-27(日本),9.1,4391,https://movie.douban.com/subject/26862240/
1,机遇之歌 Przypadek,克日什托夫·基耶斯洛夫斯基,['克日什托夫·基耶斯洛夫斯基'],"['博古斯瓦夫·林达', '塔德乌什·罗姆尼斯基', '比涅尤·扎塔西奇斯', '伯格斯拉娃·帕韦莱茨', '马尔泽娜·泰巴拉', '亚切克·博尔科夫斯基', '亚切克·萨斯-乌赫里诺夫斯基', '亚当·费仁希', '莫妮卡·戈兹克', '齐格蒙特·哈布纳', '伊雷娜·比尔斯卡']",['剧情'], 波兰语,1987-01-10(波兰),8.6,10296,https://movie.douban.com/subject/1307200/
2,另一个故乡 Die andere Heimat - Chronik einer Sehnsucht,爱德嘉·莱兹,"['爱德嘉·莱兹', '葛特·海登赖赫']","['扬·迪特尔·施耐德', '安东尼娅·比尔', '麦斯米兰·沙伊特', '玛丽塔·布劳耶', '吕迪格·克里泽', '费丽娜·莱拜克', '梅拉妮·富歇', '伊娃·塞德勒', '莱因哈德·保卢斯', '芭芭拉·菲利普', '克里斯托弗·卢泽', '赖纳·库恩', '安德里亚斯·库尔策', '杰罗恩·佩瑟瓦尔', '沃纳·赫尔佐格']","['剧情', '历史']", 德语,2013-08-29(威尼斯电影节),8.6,8390,https://movie.douban.com/subject/22265121/
3,花落花开 Séraphine,马丁·波渥斯,"['Marc Abdelnour', '马丁·波渥斯']","['友兰达·梦露', '乌尔里希·图库尔', '安妮·贝南特', '杰纳维夫·马尼奇', '阿德莱德·勒鲁', '尼克·罗格勒', '弗朗索瓦兹·勒布伦', '塞尔日·拉里维埃尔']","['剧情', '传记', '战争']", 法语 / 德语,2008-09-07,8.5,18757,https://movie.douban.com/subject/3173635/
4,空之境界 终章 空之境界 劇場版 空の境界 終章 空の境界,近藤光,['平松正树'],"['坂本真绫', '铃村健一']",['动画'], 日语,2010-12-18(日本),8.5,11006,https://movie.douban.com/subject/5296286/
5,白色严冬 Into the White,彼特·纳斯,"['Ole Meldgaard', 'Dave Mango', '彼特·纳斯']","['弗洛里安·卢卡斯', '大卫·克劳斯', '斯蒂格·亨里克·霍夫', '拉克兰·尼布尔', '鲁伯特·格林特', 'Kim Haugen', 'Knut Joner', 'Morten Faldaas', 'Sondre Krogtoft Larsen']","['剧情', '历史', '战争']", 英语 / 挪威语 / 德语,2012-03-09(挪威),8.4,19501,https://movie.douban.com/subject/6129462/
6,无语问苍天 Awakenings,潘妮·马歇尔,"['斯蒂文·泽里安', '奥利弗·萨克斯']","['罗伯特·德尼罗', '罗宾·威廉姆斯', '朱莉·卡夫娜', '鲁思·尼尔森', '约翰·赫德', '佩内洛普·安·米勒', '爱丽丝·德拉蒙德', '朱迪丝·马利纳', '巴顿·海曼', '乔治·马丁', '安妮·米拉', '理查德·利伯蒂尼', '劳拉·伊斯特曼', '德克斯特·戈登', '杰恩·海恩斯', '勒克朗谢·迪兰德', '尤瑟夫·布罗斯', '史蒂文·兰达佐', 'Gloria Harper', 'Gwyllum Evans', '玛丽·凯瑟琳·莱特', '玛丽·爱丽丝', '凯斯·戴蒙德', '史蒂夫·维诺维奇', 'Tiger Haynes', 'John Christopher Jones', '布莱德利·惠特福德', '马克斯·冯·叙多夫', '哈维-米勒', 'Tanya Berezin', '彼得·斯特曼', '查尔斯·基廷', 'Christina Huertes', 'Gary Tacon', 'Mel Gorham', 'Anthony J. Nici']","['剧情', '传记']", 英语,1990-12-12(世纪城首映),8.4,10085,https://movie.douban.com/subject/1296805/
7,伊莉莎与玛瑟拉 Elisa y Marcela,伊莎贝尔·科赛特,"['伊莎贝尔·科赛特', '纳西索·德·加布里埃尔']","['纳塔利娅·德·莫利纳', '格蕾塔·费尔南德斯', '莎拉·卡萨斯诺瓦斯', '塔马·诺瓦斯', '路易斯·奥马', '曼诺罗·索洛', '玛丽亚·皮雅尔特', '弗兰塞斯克·奥雷利亚', '曼努埃尔·卢伦佐', '豪尔赫·苏克特', '安帕罗·莫雷诺', '雷蒙·德·伊斯班纳']","['爱情', '同性', '传记']", 西班牙语 / 葡萄牙语,2019-02-13(柏林电影节),8.4,6539,https://movie.douban.com/subject/30251948/
8,哈姆雷特 National Theatre Live: Hamlet,罗宾·洛,['威廉·莎士比亚'],"['本尼迪克特·康伯巴奇', '珊·布鲁克', '里奥·比尔', '塞伦·希德', '吉姆·诺顿', '卡尔·约翰逊', '寇布勒·霍尔德布鲁克-史密斯', '马修·斯蒂尔', '迪雯·亨利', '巴里·艾尔德', '鲁阿里·科纳汉', '鲁迪·达马林加姆', '莫拉格·席勒', '谢尔戈·瓦雷斯', '科林·黑格']",['剧情'], 英语,2015-10-15(英国),8.4,6733,https://movie.douban.com/subject/26588017/
9,小戏骨：白蛇传,潘礼平,['刘玉洁'],"['陶奕希', '周芷莹', '刘戴恩', '钟奕儿', '陈禹衡', '李俊豪', '李欣怡', '罗自豪', '李平波', '喻峰', '彭楚雅', '胡轶珂', '陈荣达', '姚雯嘉']","['剧情', '儿童', '古装']", 汉语普通话,2016-10-02(中国大陆),8.3,15964,https://movie.douban.com/subject/26887890/
10,有你我不怕 Io non ho paura,加布里埃莱·萨尔瓦托雷斯,"['尼科洛·阿马尼蒂', '弗朗西斯卡·马西亚诺']","['Giuseppe Cristiano', 'Mattia Di Pierro', 'Diego Abvatantuono', 'Dino Abbrescia']","['剧情', '悬疑', '惊悚', '犯罪']", 意大利语,2003-03-14(意大利),8.2,8119,https://movie.douban.com/subject/1421570/
11,蓝调传奇 Cadillac Records,达内尔·马丁,['达内尔·马丁'],"['艾德里安·布洛迪', '杰弗里·怀特', '碧昂丝', '茅斯·达夫', '加布里埃尔·尤尼恩']","['剧情', '音乐', '传记']", 英语,2008-12-05,8.1,14798,https://movie.douban.com/subject/3005365/
12,弟弟 おとうと,山田洋次,"['平松惠美子', '山田洋次']","['苍井优', '加濑亮', '石田百合子', '吉永小百合', '小日向文世', '近藤公园', '笹野高史', '木村绿子', '加藤治子', '小林稔侍', '笑福亭鹤瓶', '中居正广', '森本治行', '佐藤蛾次郎', '横山孝信', '茅岛成美', '拉沙尔石井']",['剧情'], 日语,2010-01-30(日本),8.1,10975,https://movie.douban.com/subject/3395437/
13,木头美人 Mannequin: On the Move,斯图尔特·拉菲尔,"['Edward Rugoff', 'David Isaacs']","['克里斯蒂·斯旺森', '威廉·罗格斯戴尔', '米萨克·泰勒', '特利·奇瑟', '斯图尔特·潘金']","['喜剧', '爱情', '奇幻']", 英语,1991-05-17,8.1,8189,https://movie.douban.com/subject/1303340/
14,55步 55 Steps,比利·奥古斯特,['马克·布鲁斯·罗森'],"['海伦娜·伯翰·卡特', '希拉里·斯万克', '杰弗里·塔伯', '约翰·海尔登贝格', '蒂姆· 普莱斯特', '迈克尔·卡尔金', '乔纳森·克里根', '理查德·莱恩', '理查德·瑞德尔']","['剧情', '传记']", 英语,2017-09-07(多伦多电影节),8.1,1674,https://movie.douban.com/subject/26371229/
15,八月：奥色治郡 August: Osage County,约翰·威尔斯,['崔西·莱茨'],"['朱莉娅·罗伯茨', '梅丽尔·斯特里普', '伊万·麦克格雷格', '克里斯·库珀', '阿比盖尔·布雷斯林', '本尼迪克特·康伯巴奇', '朱丽叶特·刘易斯', '玛格·马丁戴尔', '德蒙特·莫罗尼', '朱丽安妮·尼科尔森', '山姆·夏普德', '米丝蒂·阿哈姆']","['剧情', '家庭']", 英语,2013-12-27(美国),8.0,37535,https://movie.douban.com/subject/3284397/
16,睁开你的双眼 Abre los ojos,亚历杭德罗·阿梅纳瓦尔,"['亚历杭德罗·阿梅纳瓦尔', '马特奥·希尔']","['爱德华多·诺列加', '佩内洛普·克鲁兹', '费雷·马丁内兹', '纳瓦·尼姆利', '切特·雷拉']","['剧情', '爱情', '科幻', '悬疑', '惊悚']", 西班牙语,1997-12-19(西班牙),8.0,17417,https://movie.douban.com/subject/1301899/
17,天涯海角,李志毅,['李志毅'],"['金城武', '陈慧琳', '王敏德', '陈小春', '何超仪', '陈豪', '陈德森', '张达明', '玛利亚', '方平', '徐濠萦']","['剧情', '爱情']", 粤语,1996-10-18(中国香港),8.0,10235,https://movie.douban.com/subject/1307724/
18,探员卡特 Marvel One-Shot: Agent Carter,Louis D'Esposito,"['埃里克·皮尔森', '杰克·科比', '斯坦·李']","['海莉·阿特维尔', '沙恩·布莱克', '多米尼克·库珀', 'Jacob McCafferty', '尼尔·麦克唐纳', '布莱德利·惠特福德', '提姆·特罗北克', 'Jon Barinholtz', '安东尼·莫利纳利', 'Greg Haines', '提姆·席特尔兹']","['动作', '科幻', '冒险']", 英语,2013-08-20,7.9,10659,https://movie.douban.com/subject/25662063/
19,哆啦A梦：新·大雄的宇宙开拓史 映画ドラえもん 新・のび太の宇宙開拓史,腰繁男,"['真保裕一', '藤子·F·不二雄']","['水田山葵', '大原惠美', '嘉数由美', '木村昴', '关智一', '三石琴乃', '松本保典', '藤本千秋', '荻野志保子', '竹内都子', '樱井智', '佐久间玲', '威尔逊·绫香 ', '渡边菜生子', '堀江由衣', '大塚明夫', '大川透', '涉谷茂', '高户靖广', '堀内贤雄', '佐藤正治', '茶风林', '峰敦子', '后藤史彦', '丸田麻里', '德井义实', '福田充德', '若田光一', '香里奈']","['动画', '冒险']", 日语,2009-03-07(日本),7.9,7694,https://movie.douban.com/subject/3154822/
0,偷偷爱你 偷偷愛你,谭朗昌,['王晶'],"['梁朝伟', '邱淑贞', '葛民辉', '刘锦玲', '乔宏', '邓兆尊', '文隽', '鲁芬']","['剧情', '喜剧', '爱情']", 粤语,1996-01-04(中国香港),7.8,18901,https://movie.douban.com/subject/1303482/
1,水中生活 The Life Aquatic with Steve Zissou,韦斯·安德森,"['韦斯·安德森', '诺亚·鲍姆巴赫']","['比尔·默瑞', '欧文·威尔逊', '凯特·布兰切特', '安杰丽卡·休斯顿', '威廉·达福', '迈克尔·刚本', '杰夫·高布伦']","['剧情', '喜剧', '冒险']", 英语 / 冰岛语 / 菲律宾语 / 葡萄牙语 / 法语 / 塔加路族语 / 德语 / 意大利语,2004-12-25(美国),7.8,17779,https://movie.douban.com/subject/1308976/
2,杨门女将之穆桂英挂帅,卫翰韬,"['郑怀兴', '郑宜庸', '王莉芝']","['连凯', '李若彤', '郑佩佩', '宁静']","['剧情', '历史', '武侠', '古装']", 汉语普通话,2001(中国大陆),7.8,2741,https://movie.douban.com/subject/19965273/
3,你好，陌生人 กวน มึน โฮ,班庄·比辛达拿刚,"['班庄·比辛达拿刚', '辰塔维·塔纳西维', '侬特拉·孔旺']","['辰塔维·塔纳西维', '能提妲·索彭', '瓦拉塔雅·宁枯哈']","['喜剧', '爱情']", 泰语 / 韩语,2010-08-19(泰国),7.7,73148,https://movie.douban.com/subject/4903613/
4,舞出我人生3 Step Up 3D,朱浩伟,"['Amy Andelson', 'Emily Meyer']","['瑞奇·马兰博瑞', '亚当·G·瑟瓦尼', '沙妮·文森', '艾莉森·斯通勒', 'Keith Stallworth', '史蒂芬·布斯', '乔· 斯拉夫特', '丹尼尔·克劳德·坎波斯']","['剧情', '爱情', '音乐']", 英语,2010-08-06,7.7,28782,https://movie.douban.com/subject/3000078/
5,非强力春药 Mighty Aphrodite,伍迪·艾伦,['伍迪·艾伦'],"['伍迪·艾伦', '米拉·索维诺', '海伦娜·伯翰·卡特', '奥林匹娅·杜卡基斯']","['喜剧', '爱情', '奇幻']", 英语,1995-09-01(威尼斯电影节),7.7,14575,https://movie.douban.com/subject/1296925/
6,四角关系 Imagine Me & You,欧·帕克,['欧·帕克'],"['派珀·佩拉博', '琳娜·海蒂', '马修·古迪', '西莉亚·伊姆里', '安东尼·海德', '达伦·博伊德', '苏·乔斯顿', '布· 杰克森', '莎朗·豪根', '伊娃·柏西斯托', '雯叶特·罗宾逊', '本·迈尔斯', '约翰·汤普森', 'Mona Hammond', '里克·沃登', '安琪儿·库碧']","['剧情', '喜剧', '爱情', '同性']", 英语,2005-05-25(德国),7.6,27600,https://movie.douban.com/subject/1473297/
7,隐藏摄像机 Caché,迈克尔·哈内克,['迈克尔·哈内克'],"['丹尼尔·奥特伊', '朱丽叶·比诺什', 'Maurice Bénichou', '安妮·吉拉尔多']","['剧情', '悬疑', '惊悚']", 法语,2005-05-14(戛纳电影节),7.6,12933,https://movie.douban.com/subject/1438066/
8,贝拉的奇幻花园 This Beautiful Fantastic,西蒙·阿布德,['西蒙·阿布德'],"['杰西卡·布朗·芬德利', '安德鲁·斯科特', '杰瑞米·艾文', '汤姆·威尔金森', '安娜·钱斯勒', '谢拉·汉考克', '夏洛特·阿斯特里', '伊莲恩·戴维斯', '洛拉·苏尔坦', '保罗·布莱克维尔', '蒂娅·申顿', '米娅·法卡索夫斯佳', '克莱尔·阿什顿']","['剧情', '喜剧', '爱情']", 英语 / 盖尔语,2016-10-20(斯洛文尼亚),7.5,11037,https://movie.douban.com/subject/26611806/
9,好莱坞式结局 Hollywood Ending,伍迪·艾伦,['伍迪·艾伦'],"['蒂娅·里欧妮', '乔治·汉密尔顿', '伍迪·艾伦', '黛博拉·梅辛']","['喜剧', '爱情']", 英语,2002-05-03(美国),7.5,10750,https://movie.douban.com/subject/1305509/
10,风月奇谭 風月奇譚,李翰祥,['李翰祥'],"['王琛', '刘午琪', '贝蒂', '田青', '夏雯', '林玑', '王侠', '姜南', '李允中', '刘丹', '欧阳莎菲', '井淼', '王莱', '卢苇', '王憾尘', '李昆', '江玲', '林伟图', '宗华', '张照', '张石庵', '陈濠', '张作舟', '钱似莺', '金军', '金天柱', '朱由高', '冯敬文', '郝履仁', '黄公武', '葛萍', '李文洲', '李文泰', '吕红', '白妤', '西瓜刨', '司马华龙', '曾楚霖', '王国辉', '王月汀']","['喜剧', '情色']", 汉语普通话,1972-11-16(中国香港),7.5,5510,https://movie.douban.com/subject/1302036/
11,单亲度假村 Blended,弗兰克·克拉斯,"['伊万·文谢尔', '克莱尔·塞拉']","['亚当·桑德勒', '德鲁·巴里摩尔', '凯文·尼龙', '泰瑞·克鲁斯', '温迪·麦丽登·康薇', '艾玛·福尔曼', '贝拉·索恩', '布拉克斯顿·贝克汉姆', '阿利维亚·阿林·林德', '乔尔·麦克哈尔', '阿卜杜拉耶·恩戈姆', '凯尔·西尔弗斯坦', '扎克·亨利', '杰西卡·洛威', '沙奎尔·奥尼尔']","['喜剧', '爱情']", 英语,2014-05-23(美国),7.4,19811,https://movie.douban.com/subject/24325798/
12,龙珠Z：神与神 ドラゴンボールZ 神と神,细田雅弘,['渡边雄介'],"['野泽雅子', '鹤广美', '堀川亮', '佐藤正治', '田中真弓', '古川登志夫', '古谷彻', '绿川光', '草尾毅', '皆口裕子', '渡边菜生子', '大友龙三郎', '石冢运升', '龙田直树', '盐屋浩三', '伊藤美纪', '千叶繁', '玄田哲章', '山田荣子', '藤本隆弘', '川浪叶子', '平野绫', '八奈见乘儿', '田中亮一', '三矢雄二', '内海贤二', '轻部真一', '松本薰', '中川翔子', '赤羽根健治', '服卷浩司', '增谷康纪', '福原耕平', '藤井雪代', '照井春佳', '一木千洋', '一之濑彩', '大空直美', '森田成一', '山寺宏一']",['动画'], 日语,2013-10-25(中国台湾),7.3,13569,https://movie.douban.com/subject/11503382/
13,信使 The Courier,多米尼克·库克,['汤姆·奥康纳'],"['本尼迪克特·康伯巴奇', '瑞秋·布罗斯纳安', '梅拉布·尼尼泽', '玛丽亚·米罗诺娃', '安东·莱瑟', '安格斯·瑞特', '大卫·巴克·琼斯', '米尔斯·理查森', '杰西·巴克利', '基里尔·皮罗戈夫', 'Yuri Klimov ', '马里安·洛伦西克', '艾丽丝·奥尔尤因', '乔纳森·哈登', '伊莲娜·艾尔米纳斯', '阿勒斯·比利克', '安德烈·库尔加诺夫', '奥德·马利', '贝恩·科拉科', '迪诺·布加迪', 'Emma Penzina', 'Fred Haig', 'Charles Walters', 'James Schofield', 'Keir Hills', 'Vladimir Chuprikov']",['惊悚'], 英语,2020-01-24(圣丹斯电影节),7.3,12560,https://movie.douban.com/subject/30212001/
14,丛林大反攻 Open Season,罗杰·阿勒斯,"['Steve Moore', 'John B. Carls', 'Jill Culton', 'Anthony Stacchi', 'Steve Bencich', 'Ron J. Friedman', 'Nat Mauldin', 'Sam Harper', 'David Gilbreth', 'Dan Wilson']","['马丁·劳伦斯', '阿什顿·库彻', '乔恩·费儒']","['喜剧', '动画', '家庭', '冒险']", 英语,2006-09-29(美国/中国大陆),7.2,25792,https://movie.douban.com/subject/1428178/
15,已是香港明日 Already Tomorrow in Hong Kong,丁怡瑱,['丁怡瑱'],"['郑智麟', '布莱恩·格林伯格', '吴耀汉', '李美思', '梁普智', '哈利·杜·杨', '丁怡瑱']","['喜剧', '爱情']", 英语,2016-03-08(中国香港),7.2,9848,https://movie.douban.com/subject/26245039/
16,再世追魂,梁小熊,"['谷德昭', '张倩华']","['吕良伟', '郑则仕', '黄光亮', '刘瑞琪', '田启文']","['惊悚', '恐怖', '犯罪']", 粤语,1993-06-24(中国香港),7.2,5777,https://movie.douban.com/subject/1479872/
17,蔚蓝深海 The Deep Blue Sea,特伦斯·戴维斯,"['特伦斯·戴维斯', '泰伦斯·拉提根']","['蕾切尔·薇兹', '汤姆·希德勒斯顿', '西蒙·拉塞尔·比尔', '安·米切尔', '乔林·科伊', '卡尔·约翰逊', '哈利·海顿-佩顿', 'Sarah Kants', '奥利弗·福德·戴维斯', '芭芭拉·杰夫德', '马克·坦迪', 'Stuart McLoughlin', '尼古拉斯·阿米尔']","['剧情', '爱情']", 英语,2011-11-25(英国),7.1,18658,https://movie.douban.com/subject/5415301/
18,独自生活的人们 혼자 사는 사람들,洪成恩,['洪成恩'],"['Jeong Da-eun', 'Seo Hyun-woo', '朴政学', '孔升妍']",['剧情'], 韩语,2021-05-19(韩国),7.1,3983,https://movie.douban.com/subject/35429502/
19,自杀房间 Sala samobójców,扬·科马萨,['扬·科马萨'],"['雅酷朴·盖尔秀', '阿伽塔·库莱沙', '克日什托夫·皮耶钦斯基', '巴托茨·戈尔纳', 'Danuta Borsuk', 'Filip Bobek', 'Krzysztof Dracz', '金嘉·普雷斯', '彼得·格洛瓦茨基', 'Anna Ilczuk', '维斯瓦夫·科马萨', 'Karolina Dryzner', 'Ewelina Paszke', 'Magdalena Smalara', 'Michal Rolnicki', 'Radoslaw Krzyzowski', '葆莉娜·查布寇', '马修·纳夫罗茨基', 'Elzbieta Golinska', 'Ida Nowakowska', 'Ola Radwanska', '托马斯·舒查特', 'Dominika Markuszewska', 'Maciej Tomaszewski', '拉斐尔·福达莱', '卡罗丽娜科米内可斯库拉托维奇', '马太乌兹·科西基维奇', '克里斯托夫·切佐特']","['剧情', '同性']", 波兰语 / 英语,2011-03-04(波兰),7.0,19220,https://movie.douban.com/subject/5955975/
0,神算,许冠文,"['许冠文', '黄子华']","['许冠文', '黎明', '许冠英', '刘小慧', '方刚', '陈晓莹', '黄子华', '田启文', '陈德森']","['喜剧', '犯罪']", 粤语,1992-01-24(中国香港),7.0,5689,https://movie.douban.com/subject/1451895/
1,我爱HK 开心万岁 我愛HK 開心萬歲,钟澍佳,"['钟澍佳', '麦曦茵', '黄洋达']","['曾志伟', '梁家辉', '吴君如', '黄宗泽', '王祖蓝', '李治廷', '冯淬帆', '袁咏仪', '陈法拉', '林欣彤', '陆永', '林雪', '黎耀祥', '麦长青', '黄浩然', '敖嘉年', '金刚', '黄日华', '苗侨伟', '廖启智', '谢天华', '徐子珊', '午马', '邵美琪', '詹瑞文', '张可颐', '阮兆祥', '麦玲玲', '张坚庭', '谭耀文', '田启文', '商天娥', '吴卓羲', '吕慧仪', '汤盈盈', '郑欣宜', '八两金']","['剧情', '喜剧']", 粤语,2011-01-31(中国大陆),6.9,40365,https://movie.douban.com/subject/5318665/
2,她不知道名字的那些鸟儿 彼女がその名を知らない鳥たち,白石和弥,"['浅野妙子', '沼田真帆香留']","['苍井优', '阿部隆史', '松坂桃李', '村川绘梨', '赤堀雅秋', '赤泽セリ', '中岛书', '竹野内丰']","['剧情', '悬疑']", 日语,2017-09-07(多伦多电影节),6.9,21988,https://movie.douban.com/subject/26928304/
3,老师不是人 The Faculty,罗伯特·罗德里格兹,['凯文·威廉姆森'],"['乔丹娜·布鲁斯特', '克里·杜瓦尔', '劳拉·哈里斯', '乔什·哈奈特', '肖恩·海托西', '萨尔玛·海耶克', '法米克·詹森', '派珀·劳瑞', '克里斯托弗·麦克唐纳', '毕比·诺维尔什', '罗伯特·帕特里克', '亚瑟·雷蒙德', '乔恩·斯图尔特', '丹尼尔·冯·巴根', '伊利亚·伍德', '乔恩·亚伯拉罕斯', '莎莫·菲尼克斯', '苏珊·威利斯', '蒂娜·罗德里格斯', '丹尼·马斯特森', '威利·维金斯', 'Harry Jay Knowles', '路易斯·布莱克', '埃里克·蒋曼', '利比·维拉利', '杜恩·马丁', '凯瑟琳·威利斯', '迈克·卢茨', '道格拉斯·阿尔尼奥科斯基', 'Mardi DeLong', 'James Douglas', '杰夫·迪伦·格雷厄姆', 'Dannie Helen Loraine Knowles', 'Jarrell Jay Knowles', 'Jason May', '雷·梅伦德斯', 'Matthew Nicklaw', 'Rick Olmos', 'Brad Schreiber', 'Damian Tamburro', 'Mark Edward Walters', '海尔斯·杨']","['科幻', '悬疑', '惊悚', '恐怖']", 英语,1998-12-25(美国),6.9,15293,https://movie.douban.com/subject/1294732/
4,神勇飞虎霸王花 神勇飛虎霸王花,钱升玮,"['邝文伟', '李敏才']","['胡慧中', '冯淬帆', '吴君如', '惠英红', '罗美薇', '叶子楣', '楼南光', '黄锦燊', '刘玉婷', '火星', '梁韵蕊', '张耀华', '简慧真', '卢惠光', '陈佩珊']","['喜剧', '动作']", 粤语,1989-01-28,6.9,7389,https://movie.douban.com/subject/1305016/
5,2021去死 Death to 2021,Jack Clough,['Ben Caudell'],"['休·格兰特', '刘玉玲', '戴安·摩根', '崔茜·尤玛', '萨姆森·卡约', '乔·基瑞', '斯托卡特·詹宁', '威廉·杰克森·哈珀', '克里斯汀·米利欧缇', '尼克·穆罕默德']",['喜剧'], 英语,2021-12-27(美国),7.0,7556,https://movie.douban.com/subject/35685660/
6,夏福特 Shaft,蒂姆·斯托瑞,"['肯尼亚·巴里斯', '亚历克斯·巴诺', '欧内斯特·泰迪曼']","['塞缪尔·杰克逊', '杰西·厄舍', '理查德·朗德特里', '雷吉娜·赫尔', '亚历山德拉·希普', '马特·劳里亚', '提图斯·维里沃', '马索·曼恩', '伊萨赫·德·班克尔', '阿万·乔贾', '劳伦·维勒斯', '伊恩·卡塞尔伯里', '西尔维娅·杰弗里斯', '迈克·顿斯顿', '查尔斯·格林', '艾德丽安·C·摩尔', '乔恩·亚瑟', '肖恩·贝克', '蒂莫西·卡尔', '大卫·邓斯顿', '何塞·阿尔弗雷多·费尔南德斯', '安东尼·B·哈里斯', '德梅特里·兰德尔', '汉斯·马雷罗', '布赖希亚·马歇尔', '肖恩·麦克米伦', '本杰明·韦弗']","['喜剧', '动作', '犯罪']", 英语,2019-06-14(美国),6.8,12456,https://movie.douban.com/subject/27116384/
7,五虎将之决裂 五虎將之決裂,曾志伟,"['南燕', '阮世生']","['刘德华', '梁朝伟', '汤镇业', '黄日华', '苗侨伟', '梁家仁', '温碧霞', '成奎安', '陈欣健', '蓝洁瑛', '陈观泰', '罗烈']","['剧情', '动作', '犯罪']", 粤语,1991-07-03,6.8,6369,https://movie.douban.com/subject/1297629/
8,乐园之夜 낙원의 밤,朴勋政,['朴勋政'],"['严泰九', '全余赟', '车胜元', '赵东仁', '朴浩山', '玄奉植', '车顺裴', '孙秉浩', '李文植', '安世彬', '张荣男', '格雷格·秦', '诺希尔·达拉尔', '安吉拉·林', '马修·杨·金', '基内·扬']",['剧情'], 韩语,2020-09-02(威尼斯电影节),6.8,6044,https://movie.douban.com/subject/33771840/
9,逃出水泥地 Dragged Across Concrete,S·克雷格·扎勒,['S·克雷格·扎勒'],"['梅尔·吉布森', '詹妮弗·卡朋特', '文斯·沃恩', '劳瑞·侯登', '唐·约翰逊', '迈克尔·加·怀特', '托马斯·克莱舒曼', '乌多·基尔', '安德鲁·邓巴', '托利·基特尔斯', '弗雷德·迈拉麦德', '特雷佐·马霍洛', '迈尔斯·特鲁伊特', '詹·格里芬', '王卡帝', '克莱尔·菲利保', '维罗妮卡·伦敦', '大卫·昆兰', '保罗·罗吉克']","['剧情', '动作', '惊悚', '犯罪']", 英语,2018-09-03(威尼斯电影节),6.8,4994,https://movie.douban.com/subject/26966758/
10,星游记之风暴法米拉2,胡一泊,"['胡一泊', '叶子源']","['陶典', '山新', '小连杀', '宝木中阳', '张杰', '图特哈蒙', '张赫', '张馨予', '郑言', '卢力峰', '张舸', '刘琮', '刘翔', '张占坤', '张东', '孙金梁', '李楠', '刘媛媛', '谢子溦', '邱爽']","['动画', '奇幻', '冒险']", 汉语普通话,2020-03-28(中国大陆),6.8,9120,https://movie.douban.com/subject/27599401/
11,飞机总动员 Planes,克雷·豪尔,['杰弗里·M·霍华德'],"['戴恩·库克', '卡洛斯·阿拉斯拉奇', '茱莉亚·路易斯-德瑞弗斯', '罗杰·克莱格·史密斯', '斯泰西·基齐', '布拉德·加内特', '塞德里克·凯尔斯', '佩丽冉卡·曹帕拉', '约翰·克里斯', '加布里埃尔·伊格莱西亚斯']","['喜剧', '动画', '冒险']", 英语,2013-08-09(美国),6.6,8766,https://movie.douban.com/subject/4915854/
12,阴阳路3：升棺发财,邱礼涛,"['曾国赐', '刘孝伟']","['古天乐', '雷宇扬', '张锦程', '丁子峻', '谷德昭', '袁洁莹', '罗兰', '伍咏薇', '钱嘉乐', '谢天华', '成奎安']","['喜剧', '恐怖']", 粤语,1998-01-03(中国香港),6.6,9538,https://movie.douban.com/subject/1302495/
13,那天的氛围 그날의 분위기,曹圭章,['曹圭章'],"['文彩元', '柳演锡', '赵在允', '朴敏雨', '李妍度', '柯得熙', '李姃垠', '金瑟祺', '李珠雨', '赵仁宇', '李言廷', '李度妍', '李海荣', '李恩静', 'Cheol-woo Han']","['喜剧', '爱情']", 韩语,2016-01-14(韩国),6.6,9511,https://movie.douban.com/subject/21766698/
14,龙腾四海,霍耀良,['韦家辉'],"['刘德华', '任达华', '邓光荣', '黎明', '陈法蓉', '陈惠敏', '程东', '关勇', '林保怡', '李丽珍', '吴家丽', '田丰']","['喜剧', '动作', '犯罪']", 粤语 / 英语 / 汉语普通话,1992-06-05,6.6,6439,https://movie.douban.com/subject/1304124/
15,黑色弥撒 Black Mass,斯科特·库珀,"['马克·马洛克', '杰斯·巴特沃斯', '迪克·莱尔', '杰拉德·奥尼尔']","['约翰尼·德普', '乔尔·埃哲顿', '本尼迪克特·康伯巴奇', '杰西·普莱蒙', '凯文·贝肯', '彼得·萨斯加德', '达科塔·约翰逊', '寇瑞·斯托尔', 'W·厄尔·布朗', '朱诺·坦普尔', '亚当·斯科特', '朱丽安妮·尼科尔森', '大卫·哈伯', '布拉德·卡特', '詹姆斯·拉索', '埃里卡·麦克德莫特', '杰瑞米·斯特朗', '布雷顿·曼雷']","['剧情', '传记', '犯罪']", 英语,2015-09-04(威尼斯电影节),6.5,14974,https://movie.douban.com/subject/3432861/
16,塔米·菲的眼睛 The Eyes of Tammy Faye,迈克尔·肖沃特,['爱比·希薇亚'],"['杰西卡·查斯坦', '安德鲁·加菲尔德', '切莉·琼斯', '文森特·多诺费奥', '马克·怀斯特拉克', '山姆·贾格', '路易斯·坎瑟米', '加布里埃尔·奥尔德斯', '弗瑞德里克·林恩', '钱德勒·海德', '杰伊·胡古雷', 'Grant Owens', '柯莉·坎帕尼', '杰丝·威克斯勒', '林赛·艾利夫', '兰德尔·P·海文斯', 'Joe Ando-Hirsh', 'Drew Broderick', '布伦特·莫雷尔·加斯金斯', 'Tanya Jacobson', 'Donald Norris Jr.', 'Dan Johnson', 'Michael MacCauley']","['剧情', '传记', '历史']", 英语,2021-09-12(多伦多电影节),6.6,4550,https://movie.douban.com/subject/33440550/
17,好奇害死猫,张一白,"['霍昕', '张一白']","['刘嘉玲', '胡军', '宋佳', '林源', '廖凡']","['剧情', '爱情', '悬疑', '惊悚']", 汉语普通话 / 英语,2006-10-12(中国大陆),6.4,32291,https://movie.douban.com/subject/1861411/
18,爸，我一定行的,蓝鸿春,"['郑润奇', '蓝鸿春']","['郑润奇', '郑鹏生', '张咏娴', '李树浩', '林俊鑫', '陈锦标', '周素琴', '郑辉松', '张翼就', '陈昱曦', '苏细珍']","['剧情', '喜剧', '家庭']", 潮汕方言 / 汉语普通话,2018-08-24(中国大陆),6.4,7185,https://movie.douban.com/subject/30276726/
19,恶战 惡戰,黄精甫,"['王爱玲', '王晶']","['伍允龙', '安志杰', '洪金宝', '胡然', '毛俊杰', '温超', '蒋璐霞', '陈观泰', '袁祥仁', '冯克安']","['剧情', '动作']", 汉语普通话 / 粤语 / 日语,2014-01-10(中国大陆),6.4,8718,https://movie.douban.com/subject/10604851/
0,四月是你的谎言 四月は君の嘘,新城毅彦,"['新川直司', '龙居由佳里']","['广濑铃', '山崎贤人', '石井杏奈', '中川大志', '甲本雅裕', '本田博太郎', '板谷由夏', '檀丽']","['剧情', '爱情', '音乐']", 日语,2016-09-10(日本),6.3,13204,https://movie.douban.com/subject/26599076/
1,重生 RE:BORN,下村勇二,['佐伯紅緒'],"['坂口拓', '近藤结良', '斋藤工', '长谷部瞳', '篠田麻里子', '加藤雅也', '大塚明夫', '石田壹成']",['动作'], 日语,2016-09-24(夕张国际电影节),6.3,7117,https://movie.douban.com/subject/26584797/
2,一本漫画闯天涯II妙想天开,朱继生,"['左颂升', '何东']","['张卫健', '吴孟达', '林建明', '黎瑞恩', '胡枫', '周星驰']",['喜剧'], 粤语,1993-03-20(中国香港),6.2,5809,https://movie.douban.com/subject/3148297/
3,正义联盟：亚特兰蒂斯的宝座 Justice League: Throne of Atlantis,伊桑·斯波尔丁,"['希思·科森', '乔夫·琼斯']","['克里斯托弗·戈勒姆', '马特·兰特尔', '杰瑞·奥康奈尔', '杰森·奥玛拉', '史蒂夫·布卢姆', '拉里·塞达尔', '巴里·丹尼', '保罗·伊丁', '杰·约翰逊']","['动作', '动画', '冒险']", 英语,2015-01-13(网络),6.2,7975,https://movie.douban.com/subject/25980500/
4,飞奔去月球 Over the Moon,格兰·基恩,"['奥黛丽·威尔斯', 'Jennifer Yee McDevitt', '伍思薇']","['凯西·昂', '菲莉帕·苏', '罗伯特·邱', '郑肯', '约翰·赵', '吴珊卓']","['动画', '家庭', '冒险']", 英语 / 汉语普通话,2020-10-23(美国/中国大陆),6.0,6923,https://movie.douban.com/subject/30141681/
5,破坏者 Sabotage,大卫·阿耶,"['斯基普·伍兹', '大卫·阿耶']","['阿诺·施瓦辛格', '萨姆·沃辛顿', '乔·曼根尼罗', '乔什·哈洛威', '泰伦斯·霍华德', '马克斯·马蒂尼', '凯文·万斯', '米瑞·伊诺丝', '莫里斯·孔特', '马丁·唐文', '蒂姆·韦尔', '奥莉维亚·威廉姆斯']","['剧情', '动作', '惊悚', '犯罪']", 英语,2015-04-24(中国大陆),5.7,11779,https://movie.douban.com/subject/6875611/
6,一八九四·甲午大海战,冯小宁,['冯小宁'],"['陆毅', '夏雨', '杨立新', '孙海英', '龚洁', '吕丽萍', '郭家铭']","['剧情', '历史', '战争']", 汉语普通话 / 日语 / 英语,2012-07-06(中国大陆),5.6,9924,https://movie.douban.com/subject/6080772/
7,碟仙,廉涛,"['孙婉仪', '郭曦', '刘宗胜', '廉涛']","['黄奕', '范逸臣', '程小夏', '吴烨', '马卷卷', '刘晨霞', '曾韵蓁', '何佳颖', '张天柏', '鹿嘉豪']","['惊悚', '恐怖']", 汉语普通话,2019-06-21(中国大陆),4.9,6126,https://movie.douban.com/subject/27073079/
8,情敌蜜月,张林子,"['洪泠', '毕成功']","['张雨绮', '权相宇', '霍建华', '施予斐']","['喜剧', '爱情']", 汉语普通话 / 英语,2015-09-02(中国大陆),4.7,11305,https://movie.douban.com/subject/26163541/
9,笔仙Ⅱ,安兵基,"['韩钟敏', '韩景龙']","['朴寒星', '辛芷蕾', '高欣宇', '张皓然', '李昕岳', '章婷婷', '杨帆', '孙绍龙', '耿乐', '郭京飞', '李永波']","['悬疑', '惊悚']", 汉语普通话,2013-07-16(中国大陆),3.9,9996,https://movie.douban.com/subject/21618782/
10,灵语 靈語,苏皇铭,['林雅樱'],"['是元介', '吴可熙 Wu Ke-Hsi', '郑人硕', '杨丞琳', '禾浩辰', '石知田', '丁宁', '李国超']","['惊悚', '犯罪']", 汉语普通话,2021-10-22(中国台湾),3.7,762,https://movie.douban.com/subject/34852396/
11,泡沫之夏,赖俊羽,"['李佳颖', '明晓溪']","['黄灿灿', '罗子溢', '严禹豪', '林晖闵', '张国柱', '归亚蕾', '金燕玲', '九孔', '郎祖筠', '王冠逸', '陈雅丽']","['剧情', '爱情']", 汉语普通话,2016-07-21(中国大陆),2.7,8130,https://movie.douban.com/subject/25830800/
12,孤独的美食家 2021除夕特别篇 孤独のグルメ2021大晦日スペシャル～激走！絶景絶品・年忘れロードムービー,井川尊史,['田口佳宏'],"['松重丰', '小籔千豊', '梅泽昌代', '中尾明庆', '石野真子', '山本未来', '久住昌之']",[], 日语,2021-12-31(日本),9.1,3088,https://movie.douban.com/subject/35707837/
13,机动战士高达 THE ORIGIN Ⅵ 赤色彗星诞生 機動戦士ガンダム THE ORIGIN Ⅵ 誕生 赤い彗星,安彦良和,['隅沢克之'],"['池田秀一', '潘惠美', '银河万丈', '渡边明乃', '三宅健太', '古谷彻', '柿原彻也', '古川登志夫', '福圆美里', '大塚明夫', '浦山迅', '中西英树', '藤村步', '成田剑', '田中美央', '新井里美', '中博史', '山崎巧', '一条和矢', '松田健一郎', '土屋英史']","['科幻', '动画']", 日语,2018-05-05(日本),9.0,4765,https://movie.douban.com/subject/26920182/
14,黄阿丽：小眼镜蛇 Ali Wong: Baby Cobra,杰伊·卡拉斯,['黄阿丽'],['黄阿丽'],['脱口秀'], 英语,2016-05-05(美国),8.8,15295,https://movie.douban.com/subject/26772763/
15,卡门线 The Karman Line,奥斯卡·夏普,"['Dawn King', '奥斯卡·夏普']","['奥利维娅·科尔曼', '邵恩·杜里', 'Chelsea Corfield', '戴维·坎恩', 'Julia Watson', 'Sarah McVicar', '吉尔·科雷林', 'Matthew Earley', '悉德妮·怀特']",['剧情'],,,,,
16,街角的商店 The Shop Around the Corner,恩斯特·刘别谦,['山姆森·雷佛森'],"['玛格里特·苏利文', '詹姆斯·斯图尔特', '弗兰克·摩根', '约瑟夫·斯柴德克劳特', '萨拉·黑登']","['剧情', '喜剧', '爱情']", 英语,1940-01-12,8.6,10726,https://movie.douban.com/subject/1299166/
17,细路祥 細路祥,陈果,['陈果'],"['姚月明', '麦惠芬', '麦雪雯', '张醒超', '徐天佑', '谷祖琳', '李灿森', '严栩慈']",['剧情'], 粤语,1999-12-30(中国香港),8.5,15224,https://movie.douban.com/subject/1304758/
18,哆啦A梦：大雄与动物行星 ドラえもん のび太とアニマル惑星,芝山努,['藤子·F·不二雄'],"['大山信代', '小原乃梨子', '野村道子', '立壁和也', '肝付兼太', '千千松幸子', '田中真弓', '山田俊司', '佐佐木留恩', '川久保洁', '广濑正志', '峰敦子', '依田英助', '茶风林', '西原久美子', '松冈洋子', '田中亮一', '龙田直树', '菅原正志', '松原雅子', '坂东尚树', '平野正人', '小杉十郎太', '西尾德', '加藤正之', '渡部猛', '加藤治', '森功至']","['科幻', '动画', '冒险']", 日语,1990-03-10(日本),8.5,5803,https://movie.douban.com/subject/1458898/
19,穆谢特 Mouchette,罗伯特·布列松,"['乔治·贝尔纳诺斯', '罗伯特·布列松']","['娜丁·诺蒂尔', 'Jean-Claude Guilbert', 'Marie Cardinal', '保罗·赫伯特', '让·维姆内', 'Marie Susini']",['剧情'], 法语,1967-03-28(法国),8.5,6758,https://movie.douban.com/subject/1302413/
0,人狗奇缘 마음이...,朴银炯,"['朴银炯', '申东益']","['俞承豪', 'Dal-i', '金香起', '安吉江', '郑敏儿', '金兰讳', '金东英', '徐荣华']","['剧情', '儿童']", 韩语,2006-10-25(韩国),8.4,39177,https://movie.douban.com/subject/1970437/
1,戏梦人生 戲夢人生,侯孝贤,"['吴念真 Nien-Jen Wu', '李天禄', '朱天文']","['蔡振南', '洪流', '黄倩茹', '李天禄', '林强', '杨丽音']","['剧情', '传记', '战争']", 汉语普通话 / 日语 / 闽南语,1994-05-19(中国香港),8.4,7884,https://movie.douban.com/subject/1302941/
2,哆啦A梦：大雄与龙骑士 ドラえもん のび太と竜の骑士,芝山努,['藤子·F·不二雄'],"['大山信代', '小原乃梨子', '野村道子', '立壁和也', '肝付兼太']","['科幻', '动画', '冒险']", 日语,1987-03-14(日本),8.4,5877,https://movie.douban.com/subject/1458895/
3,我这样过了一生 我這樣過了一生,张毅,"['张毅', '萧飒']","['杨惠姗', '李立群', '刘明', '文英', '英英', '丁也恬', '萧志文', '吴敏', '邵罗辉', '胡翔评', '罗条慧', '周平', '林正明', '蔡瑟芬', '陈显元', '陈玉辉', '庹宗康', '罗文诚']","['剧情', '家庭']", 汉语普通话,1985-10-09(中国台湾),8.4,6024,https://movie.douban.com/subject/1302637/
4,哆啦A梦：大雄的南海大冒险 ドラえもん のび太の南海大冒険,芝山努,"['藤子·F·不二雄', '岸间信明']","['大山信代', '小原乃梨子', '野村道子', '立壁和也', '肝付兼太', '早见优', '千千松幸子', '中岛和男', '上条恒彦', '林家木久藏', '林家正藏', '阪脩', '富田耕生', '麻上洋子', '小杉十郎太', '飞田展男', '永泽菜教', '茶风林', '中岛聪彦', '千叶一伸', '广濑正志', '藤原启治', '关智一', '中博史', '松本大', '江守彻']","['科幻', '动画', '冒险']", 日语,1998-03-07(日本),8.3,5167,https://movie.douban.com/subject/1458906/
5,妙想天开 Brazil,特瑞·吉列姆,"['特瑞·吉列姆', '汤姆·斯托帕德', '查尔斯·麦肯恩', '查尔斯·阿尔弗森']","['乔纳森·普雷斯', '罗伯特·德尼罗', '凯瑟琳·海蒙德', '伊安·霍姆', '鲍勃·霍斯金斯', '迈克尔·帕林', '伊恩·理查森', '皮特·沃恩', '金·格雷斯特', '吉姆·布劳德本特', '芭芭拉·希克斯', '查尔斯·麦肯恩', '德里克·奥康纳', '凯瑟琳·波格森', '布莱恩·普林格', '希拉·里德', '约翰·福拉纳干', '雷·库珀', '布莱恩·米勒', 'Simon Nash', '西蒙·琼斯', 'Derek Deadman', '奈格尔·派纳', '特伦斯·贝勒', '戈登·凯', '比尔·沃利斯', '杰克·普韦思', 'Myrtle Devenish', '安·韦', 'Don Henderson', '霍华德·卢刘易斯', 'Oscar Quitak', 'Harold Innocent', '约翰·格里洛', '戴维·甘特', '帕特里克·康纳', '罗杰·阿什顿-格里菲斯', 'Sue Hodge', '萨迪·科尔', '玛格丽塔·道尔', '泰瑞·佛瑞斯塔', '特瑞·吉列姆', '约翰·哈斯勒', 'Peter Sands']","['剧情', '科幻']", 英语,1985-02-22(英国),8.2,16051,https://movie.douban.com/subject/1293823/
6,星际旅行4：抢救未来 Star Trek IV: The Voyage Home,伦纳德·尼莫伊,"['吉恩·罗登贝瑞', '伦纳德·尼莫伊']","['威廉·夏特纳', '伦纳德·尼莫伊', '德福雷斯特·凯利', '詹姆斯·杜汉', '武井乔治', '沃尔特·凯尼格', '尼切尔·尼克斯', '简·维亚特', '凯瑟琳·海克丝', '马克·雷纳德', '罗宾·柯蒂斯', '罗伯特·艾伦斯坦', '约翰·舒克', '布洛克·皮特斯', 'Michael Snyder']","['喜剧', '科幻', '冒险']", 英语,1986-11-26,8.2,10307,https://movie.douban.com/subject/1293325/
7,抢钱夫妻,张之亮,['阮世生'],"['许冠文', '萧芳芳', '邓一君', '陈少霞', '左诗蓓', '雷宇扬', '刘玉翠', '张之亮']",['喜剧'], 粤语,1993-12-22,8.2,7411,https://movie.douban.com/subject/1296747/
8,精灵宝可梦：洛奇亚爆诞 劇場版ポケットモンスター 幻のポケモン ルギア爆誕,汤山邦彦,['首藤刚志'],"['松本梨香', '大谷育江', '石冢运升', '饭冢雅弓', '兴梠里美', '关智一', '林原惠美', '三木真一郎', '犬山犬子', '大塚周夫', '平松晶子', '久川绫', '三石琴乃', '潘惠子', '丰岛雅美', '爱河里花子', '冬马由美', '小西克幸', '金井美香', '上田祐司', '坂口候一', '筱原惠美', '加贺谷纯一', '挂川裕彦', '西村千奈美', '伊崎寿克', '酒井哲也', '川岛得爱', '鹿贺丈史', '浜田雅功', '山寺宏一']","['动作', '动画', '冒险']", 日语,1999-07-17(日本),8.2,5320,https://movie.douban.com/subject/2015079/
9,正义联盟：战争 Justice League: War,杰伊·欧力瓦,"['希思·科森', '乔夫·琼斯', '比尔·芬格', '吉姆·李', 'Scott Williams']","['西恩·奥斯汀', '扎克·卡利森', '克里斯托弗·戈勒姆', '贾斯汀·柯克', '米歇尔·莫纳汉', '谢默·摩尔', '杰森·奥玛拉', '艾伦·图代克', '史蒂夫·布卢姆', '迪·布拉雷·贝克尔', '洛奇·卡罗尔', '艾恩·格拉法德', 'Melique Berger', 'Kimberly Brooks', 'Georgie Kidder']","['动作', '科幻', '动画', '奇幻', '冒险']", 英语,2014-02-04(美国),8.1,13330,https://movie.douban.com/subject/25760447/
10,梦想者四夜 Quatre nuits d'un rêveur,罗伯特·布列松,['罗伯特·布列松'],"['Isabelle Weingarten', 'Guillaume des Forêts', 'Jean-Maurice Monnoyer']","['剧情', '爱情']", 法语,1971-06-29(西德),8.1,3367,https://movie.douban.com/subject/1440978/
11,涉外大饭店 The Best Exotic Marigold Hotel,约翰·马登,"['黛博拉·莫盖茨', '欧·帕克']","['玛吉·史密斯', '朱迪·丹奇', '汤姆·威尔金森', '比尔·奈伊', '佩内洛普·威尔顿', '戴夫·帕特尔', '罗纳德·皮卡普', '西莉亚·伊姆里']","['剧情', '喜剧']", 英语 / 印地语,2011-11-30(索伦托电影节),8.0,36441,https://movie.douban.com/subject/5320600/
12,红潮风暴 Crimson Tide,托尼·斯科特,"['迈克尔·希弗', '理查德·P·亨里克']","['丹泽尔·华盛顿', '吉恩·哈克曼', '马特·克拉文', '乔治·杜兹达扎', '维果·莫腾森', '詹姆斯·甘多菲尼', '洛奇·卡罗尔', 'Jaime Gomez', '迈克尔·米尔汉', '丹尼·努齐', '李洛·布兰卡托', '埃里克·布鲁斯科特尔', '瑞克·斯克路德', '斯蒂夫·扎恩', 'Billy Devlin', '马修·巴里', 'Christopher Birt', '贾克波·瓦格斯', '卡伊·伦诺克斯', 'Earl Billings', '马克·克里斯托弗·劳伦斯', '詹姆斯·勒斯库', '特雷弗·圣约翰', 'Dennis Garber', '瓦妮莎·贝尔·卡洛威', '丹尼尔·冯·巴根', '雷德·戴利', '肖恩·奥布赖恩', 'Victor Togunde', '斯科特·格瑞恩斯', '瑞恩·菲利普', 'Angela C. Tortu', '亨利·莫腾森', '克里斯·埃里斯', 'Lennox Brown', '莫·加里尼', '杰森·罗巴兹', 'Rayder Woods']","['剧情', '动作', '惊悚']", 英语,1995-05-12(美国),8.0,11784,https://movie.douban.com/subject/1295363/
13,热带疾病 สัตว์ประหลาด,阿彼察邦·韦拉斯哈古,['阿彼察邦·韦拉斯哈古'],"['班罗普·洛罗伊', '萨卡达·卡温巴迪', 'Huai Dessom', 'Sirivech Jareonchon', 'Udom Promma']","['剧情', '同性']", 泰语,2004-05-17(戛纳电影节),8.0,7060,https://movie.douban.com/subject/1414808/
14,恋爱与义务 戀愛與義務,卜万苍,['朱石麟'],"['阮玲玉', '陈燕燕', '金焰']","['剧情', '爱情']", 无对白,1931-04-05(中国大陆),8.0,1445,https://movie.douban.com/subject/1301249/
15,家在水草丰茂的地方,李睿珺,['李睿珺'],"['汤龙', '郭嵩涛', '白文信', '郭建民', '马新春']","['剧情', '儿童']", 裕固语 / 甘肃方言 / 汉语普通话,2015-10-23(中国大陆),7.9,13809,https://movie.douban.com/subject/11537965/
16,现代爱情故事 Frankie and Johnny,盖瑞·马歇尔,['特伦斯·麦克纳利'],"['阿尔·帕西诺', '米歇尔·菲佛', '埃克托尔·埃利松多', '内森·连恩', '凯特·尼利甘', '简·莫里斯', '阿尔·法恩', '艾利·凯特斯', '格伦·普拉默', '哈维-米勒', '肖恩·奥布赖恩', '菲尔·利兹', '卡尔文·阮', 'Frank Campanella', '朱莉·帕丽斯', 'Bud Markowitz', 'Elizabeth Kerr', '阿尔·萨皮恩扎', '特雷西赖纳', '戴·扬', '芭芭拉·马歇尔', '斯科特·马歇尔', '洛娜·塞耶', 'Terri Sigrist', 'Lori Sigrist', '扎卡里·温特劳布', 'Gordon Belson', 'Lucinda Crosby', 'K·卡兰', 'Frank Buxton', '黛迪·菲佛', '马克·拉杜奇', '比尔·阿普勒鲍姆', '索菲·冯·海索博格', 'Lori Marshall', 'Jonathan Coder', '理查德·达历山德罗', 'Gary Rodriguez', '但丁·斯宾诺蒂']","['剧情', '喜剧', '爱情']", 英语,1991-10-11(美国),7.9,6884,https://movie.douban.com/subject/1301464/
17,芭比之拇指姑娘 Barbie Presents Thumbelina,Conrad Helten,"['凯瑟琳·巴尔', 'Natasha Calis', 'Anna Cummer', 'Kelly Metzger', '凯莉·谢里丹', 'Tabitha St. Germain', 'Cathy Weseluck']","['凯瑟琳·巴尔', 'Natasha Calis', 'Anna Cummer', 'Kelly Metzger', '凯莉·谢里丹', 'Tabitha St. Germain', 'Cathy Weseluck']","['动画', '家庭']", 英语,2009-02-24(法国),7.9,3886,https://movie.douban.com/subject/3709592/
18,下一站，说爱你 รถไฟฟ้า…มาหานะเธอ,埃迪森·特斯利卡森,['纳瓦彭·坦荣瓜塔纳利'],"['提拉德·翁坡帕', '安苏玛琳·瑟拉帕萨默莎', '克丽丝·霍旺']","['喜剧', '爱情']", 泰语,2009-10-15,7.8,53467,https://movie.douban.com/subject/4022090/
19,征婚启事 徵婚啟事,陈国富,"['陈国富', '陈世杰']","['刘若英', '王朝明', '伍佰', '陈昭荣', '顾宝明', '金士杰', '钮承泽', '林秀玲', '王逸诗', '魏伯勤', '陈文茜', '卢明进', '周辰达', '罗北安', '蔡明杰', '喻纯阳', '喻家福', '柯志煌', '章克诚', '徐文正', '黄伟诚', '蔡文雄', '卢进丁', '刘克峰', '朱家麟', '许应裕', '李玉清', '吴远定', '施易男', '卜学亮']","['剧情', '喜剧', '爱情']", 汉语普通话,1998-03-13(中国台湾),7.8,19289,https://movie.douban.com/subject/1307514/
